emp_id,first_name,last_name,email,phone_number,dept_id,job_id
1,Jesusa,Diaz,lagunaingrid@example.com,+34900 28 80 95,6,4
2,Joan,Carlos,noguesgracia@example.org,+34 845 08 82 48,7,15
3,Lupe,Aroca,lvicens@example.com,+34946479868,6,2
4,Olivia,Molina,callejamargarita@example.org,+34883 31 77 72,4,21
5,Fabiana,Rozas,torrijospaca@example.net,+34 987 10 76 50,3,14
6,Francisca,Flores,ygelabert@example.com,+34987785509,5,16
7,Tomasa,Tolosa,diezalba@example.net,+34 974 82 18 44,5,25
8,Roberto,Echeverría,salgadofidela@example.org,+34 949 780 890,2,3
9,Eufemia,Lobo,arandajuliana@example.com,+34844245392,6,28
10,Raimundo,España,telloamanda@example.com,+34803 18 04 02,4,21
11,Domitila,Pedraza,leonfeijoo@example.net,+34 927 074 285,6,24
12,Juanito,Salazar,pedreroloreto@example.net,+34 948 71 70 69,6,26
13,Glauco,Rozas,pmachado@example.org,+34961128421,3,23
14,Vito,Pol,wvicens@example.org,+34 877595353,7,30
15,Malena,Nadal,graciela29@example.com,+34874665917,4,9
16,Angelino,Almansa,vpalmer@example.net,+34934293786,2,6
17,Cirino,Olmedo,fcalvo@example.org,+34 828 05 49 39,1,13
18,Jenaro,Báez,raul52@example.net,+34 927318105,1,5
19,Cristian,Uriarte,salaspaz@example.net,+34843 73 47 32,6,24
20,Estela,Ariño,rebeca34@example.com,+34842 06 42 23,5,7
21,Juan Pablo,Franco,yhuertas@example.com,+34 828 250 666,6,1
22,Reinaldo,Carrión,tudelanayara@example.net,+34980 38 25 29,7,10
23,Gema,Ruiz,vgalvan@example.net,+34884755475,1,13
24,Cleto,Sedano,adelaidavidal@example.org,+34 825308853,5,16
25,Jonatan,Iborra,silvia59@example.com,+34941 95 79 61,5,25
26,Carmelita,Leal,ariel87@example.org,+34 928858649,3,11
27,Fabiola,Arévalo,hmacias@example.org,+34928 423 824,4,21
28,Aitana,Zorrilla,monrealsabas@example.net,+34877 12 32 54,3,11
29,Adelia,Mancebo,zapatasandalio@example.net,+34847 953 919,7,30
30,Nicodemo,Albero,smatas@example.com,+34 971 08 48 53,4,9
31,Primitivo,Torrents,teclasarmiento@example.com,+34885 37 14 40,4,9
32,Corona,Jerez,damianandrade@example.com,+34872 31 75 47,4,21
33,Corona,Seguí,xmontesinos@example.net,+34 941 98 21 94,7,29
34,Emiliano,Almansa,cidcoral@example.net,+34864 81 78 11,3,14
35,Aroa,Oller,qsalvador@example.org,+34 845 268 122,1,17
36,Florentina,Llopis,paulamercader@example.net,+34 988 63 70 56,1,13
37,Ester,Macias,santamariaariel@example.com,+34705 672 453,3,14
38,Javiera,Llobet,gmalo@example.net,+34 922652204,6,4
39,Pelayo,Figueras,lrubio@example.org,+34 884006301,3,14
40,Macarena,Lara,esanmartin@example.org,+34 725 80 94 82,3,14
41,Mariana,Lucena,gsolana@example.org,+34 942 008 352,4,27
42,Vicenta,Blanca,rpeiro@example.net,+34838458098,2,12
43,Dionisia,Monreal,orios@example.org,+34 926988489,2,12
44,Concha,Navarrete,salvadorencarna@example.net,+34880115904,6,4
45,Plácido,Maza,rosendopastor@example.org,+34877 486 286,7,10
46,Marisela,Torralba,amadormoraleda@example.org,+34827680469,2,3
47,Isaías,Mayo,tcorral@example.com,+34871 63 13 38,4,9
48,Lilia,Arenas,saritasimo@example.com,+34824 01 69 41,6,2
49,Teodoro,Puente,iniguezgeraldo@example.net,+34874 07 74 80,5,16
50,Norberto,Tena,martinezvicenta@example.net,+34 733 537 586,3,14
51,Merche,Julián,victorinolucas@example.org,+34871 129 060,1,19
52,Narciso,Pozuelo,pascualmorata@example.com,+34 875 90 20 19,2,12
53,Noé,Gascón,felipebarbera@example.net,+34 874 466 135,5,18
54,Heliodoro,Zamorano,rebeca46@example.org,+34 900737648,7,15
55,Abril,Palomo,segismundomorante@example.net,+34827100731,4,9
56,Lucio,Olivé,lsandoval@example.org,+34922 601 761,1,13
57,Aitor,Heredia,felicianasantana@example.org,+34 843165283,6,26
58,Marcial,Jara,avara@example.com,+34 820 49 79 24,4,21
59,Emiliano,Ruano,aitanamelendez@example.net,+34986 199 979,7,29
60,Eusebio,Serna,luisinagonzalez@example.com,+34 963431060,2,8
61,Adrián,Luna,cfuente@example.com,+34701 40 71 18,3,23
62,Albano,Tamayo,angelplinio@example.com,+34 863 726 938,7,29
63,Dalila,Corominas,patriciaayuso@example.net,+34846 426 727,5,25
64,Lisandro,Egea,tfigueras@example.net,+34 981829106,6,28
65,Poncio,Almansa,leoneltoro@example.net,+34 927907730,4,27
66,Roldán,Arranz,hipolito36@example.com,+34976 09 76 54,3,14
67,Erasmo,Casanovas,ydiez@example.org,+34971973327,6,1
68,Feliciana,Chaparro,tito36@example.com,+34972295131,2,8
69,Jenny,Adadia,celestina46@example.org,+34872650486,5,16
70,Ainoa,Barba,salesvictor-manuel@example.org,+34 716279755,4,27
71,Nadia,Hernández,zhoyos@example.org,+34 834 059 710,2,12
72,Josué,Olivares,jose23@example.com,+34926 78 54 97,4,9
73,Lalo,Yáñez,sofiaherrera@example.net,+34941 15 53 46,1,19
74,Azahara,Expósito,nerea50@example.org,+34 928 000 429,5,25
75,Febe,Palau,sofia11@example.net,+34 849 61 30 22,6,4
76,Calista,Talavera,juanitapintor@example.org,+34 821104777,5,16
77,Nieves,Abril,gimenobruno@example.com,+34984 739 256,7,30
78,Timoteo,Dávila,baezhugo@example.org,+34843769992,4,9
79,Natanael,Catalá,celsopiquer@example.org,+34944 956 058,1,13
80,Teresa,Perelló,wochoa@example.org,+34 843949931,7,10
81,Odalis,Alcázar,iriarteodalys@example.com,+34 873 28 96 52,7,15
82,Saturnina,Roura,alonsorosado@example.com,+34984 250 380,3,14
83,Carmelita,Sanabria,valerasalud@example.org,+34924 89 84 38,1,13
84,Nidia,Jove,gerardocid@example.com,+34849 213 287,1,20
85,Fabiola,Valbuena,ztorralba@example.net,+34825 002 192,3,11
86,Nydia,Miró,marcmarcos@example.com,+34 880765280,5,7
87,Cipriano,Cámara,paulinapozuelo@example.com,+34 920 010 188,2,8
88,Encarna,Rico,riveromaria-belen@example.com,+34 847 174 747,4,21
89,Kike,López,carmelitapi@example.net,+34979 05 04 22,6,26
90,Alicia,Crespo,lluchamalia@example.net,+34931 602 619,7,15
91,Valerio,Armengol,marisol39@example.org,+34 886 895 127,1,5
92,María Teresa,Frías,gloria04@example.org,+34880 48 47 51,2,3
93,Danilo,Rivera,bermudezmaria-luisa@example.net,+34827 92 21 79,7,10
94,Abril,Alberdi,blazquezcecilio@example.net,+34924 99 71 01,7,10
95,Felix,Pozo,pascualasaenz@example.org,+34 822 991 561,7,15
96,Marc,Cabrera,jlamas@example.com,+34 737738260,7,15
97,Gonzalo,Benitez,merche90@example.org,+34 983 59 98 77,6,1
98,Isaac,Taboada,dalilavaquero@example.com,+34 888 50 27 03,1,5
99,Benito,Otero,gilberto70@example.com,+34825 862 137,4,21
100,Fortunata,Codina,hbadia@example.org,+34 845 91 02 14,2,3
101,Leonel,Puig,sarmientohernando@example.net,+34925782786,7,10
102,Álvaro,Segura,osotelo@example.com,+34 849 00 01 59,1,5
103,Nico,Moles,dramirez@example.net,+34872 088 824,7,15
104,Amada,Gámez,jtorrents@example.net,+34841187045,2,12
105,Odalys,Alegria,eladiomarti@example.net,+34880091293,3,11
106,Ricarda,Hervia,irisbarrios@example.com,+34 877 45 64 95,6,1
107,Íñigo,Nadal,bauzacelia@example.org,+34 820292149,5,25
108,Jose,Aguilera,gracialopez@example.net,+34 943 018 384,6,22
109,Olivia,Santamaria,heliodoroperello@example.net,+34 926 92 14 51,2,8
110,Carmen,Almagro,consuelo92@example.net,+34971 92 97 65,3,11
111,Nando,Huertas,nicolasjose@example.com,+34 825511541,3,23
112,Soledad,Cisneros,diegoeligia@example.com,+34 872 950 261,2,6
113,Asunción,Cerdá,garatearaceli@example.net,+34 923 42 05 53,1,5
114,Rosa María,Sáenz,amor19@example.org,+34 848 759 255,7,30
115,Agustín,Samper,pozaperlita@example.org,+34 983 251 717,4,27
116,José Ángel,Almazán,marquezencarnacion@example.net,+34 812 258 405,6,1
117,Berto,Contreras,alejandra06@example.org,+34 845235698,3,14
118,Heraclio,Carballo,xbecerra@example.com,+34 824 72 17 08,1,5
119,Eloísa,Pagès,anguitamoreno@example.net,+34871 26 93 97,1,20
120,Arcelia,Rebollo,lilia30@example.org,+34 946 09 58 43,3,23
121,Haroldo,Castejón,ricardosoriano@example.org,+34844 370 334,6,1
122,Celia,Zapata,gomezemelina@example.org,+34 640 16 86 51,3,23
123,Marianela,Galán,jcarbajo@example.org,+34 901 994 493,2,3
124,Ale,Fernández,alondra61@example.org,+34871 837 540,1,17
125,Lara,Aliaga,valero45@example.org,+34 884090957,4,27
126,Yésica,Ayala,mirsigfrido@example.com,+34824 68 14 15,1,13
127,Iván,Rosa,ivanjimenez@example.com,+34877 651 108,1,19
128,Jessica,Berenguer,ezequielgutierrez@example.org,+34948 31 11 76,4,21
129,Rico,Rios,amattamara@example.com,+34 825 27 91 91,2,6
130,Sebastian,Carbó,campilloinocencio@example.net,+34 842 481 429,7,30
131,Bautista,Múñiz,victoriapolo@example.org,+34 987015272,7,10
132,Octavio,Barberá,godofredo85@example.net,+34800 645 541,7,10
133,Seve,Leiva,khierro@example.com,+34 980390221,5,18
134,Nayara,Álvaro,ruperta12@example.org,+34 868 23 94 01,4,9
135,Rodrigo,Marquez,villanuevaprimitiva@example.com,+34 822 25 45 97,2,6
136,Rosendo,Valero,qheras@example.com,+34937 69 58 85,4,21
137,Elías,Calvet,tatiana95@example.com,+34 923 28 95 90,5,25
138,Fausto,Palacios,casassamu@example.net,+34824 439 443,5,16
139,Hermenegildo,Pavón,oliverasadan@example.net,+34 872 278 991,5,18
140,Cirino,Múñiz,hbenavent@example.org,+34 847401406,4,9
141,Carlito,Mendizábal,bvidal@example.com,+34 871 06 45 06,5,7
142,Chuy,Galindo,chuchopineiro@example.com,+34 821 00 96 74,3,14
143,Alcides,Olmo,davilaabel@example.org,+34924 640 365,6,1
144,Ismael,Portillo,gustavonicolau@example.net,+34 976 14 63 03,1,20
145,Adolfo,Montalbán,baudelio10@example.org,+34936989388,2,12
146,Victorino,Trillo,sbautista@example.com,+34 873 890 976,1,20
147,Nidia,Asensio,pcarbonell@example.com,+34838912945,5,18
148,Simón,Carmona,ealcantara@example.org,+34 877853190,7,15
149,Anastasia,Escolano,horacio64@example.com,+34881 197 018,2,12
150,Victorino,Ledesma,uleiva@example.org,+34 925742026,5,18
151,José,Laguna,rodaandres-felipe@example.com,+34 844 60 72 42,2,8
152,Leticia,Barriga,bvall@example.net,+34 823598442,4,9
153,Felicia,Cortés,florencio91@example.org,+34973491534,4,27
154,Salvador,Murillo,lorenaportero@example.com,+34924 35 43 22,6,4
155,Loida,Fuertes,salvador83@example.net,+34 979915770,1,19
156,Luna,Mendez,gerardopuente@example.org,+34 949 80 43 68,7,29
157,Eugenio,Manso,ramonarnaiz@example.org,+34 972 668 708,2,12
158,Wilfredo,Cueto,teobaldomedina@example.com,+34821887015,5,18
159,Adelina,Blanca,anabel32@example.org,+34827 74 39 79,2,12
160,Enrique,Marin,dbauza@example.com,+34914082292,3,23
161,Brunilda,Pujadas,samores@example.com,+34 937943837,4,21
162,Sandalio,Coloma,ambrosiopadilla@example.net,+34 873 693 781,5,18
163,César,Huguet,nico03@example.net,+34 985 20 29 85,4,9
164,Emilia,Vidal,benignojove@example.com,+34928 537 902,4,21
165,Angelita,Palomar,qpaez@example.org,+34 873 420 238,7,30
166,Renata,Tejada,tatianatovar@example.net,+34 888 70 11 65,4,9
167,Irma,Morcillo,alepolo@example.org,+34744 376 480,1,5
168,Atilio,Arroyo,lope53@example.org,+34825577108,5,25
169,Guillermo,Bravo,danielasabater@example.com,+34700508890,1,17
170,Claudio,Bayón,jose-luisvillegas@example.net,+34708 33 45 96,1,19
171,Amor,Pallarès,filomena05@example.com,+34882 009 851,3,14
172,Saturnina,Quiroga,nazaret74@example.org,+34980 468 865,5,7
173,Jordana,Tello,martiriofiol@example.org,+34 828 199 090,6,28
174,Berto,Blanch,leandro17@example.net,+34 949 197 547,1,20
175,Azahar,Millán,maytereina@example.com,+34 928135941,7,10
176,Maite,Araujo,valberto@example.net,+34885 38 58 65,5,18
177,Lope,Cervantes,tcorbacho@example.org,+34 871 34 42 12,6,24
178,Ascensión,Amores,mvalderrama@example.org,+34971 014 190,7,30
179,Emiliano,Frías,bchaparro@example.org,+34941 06 88 16,4,27
180,Ernesto,Madrigal,vegahector@example.org,+34716708406,3,11
181,Joaquín,Herrero,andresgomila@example.net,+34900129645,6,22
182,Mohamed,Ramirez,waragon@example.org,+34988 486 071,5,25
183,Vilma,Sotelo,cosmeconesa@example.com,+34 974 405 172,4,27
184,María Belén,Coloma,fortunato88@example.net,+34971 25 57 39,5,18
185,Paz,Valdés,harjona@example.net,+34 981896931,7,30
186,Clímaco,Roca,gespanol@example.com,+34900 44 75 07,5,18
187,Victoria,Bou,clotilde98@example.org,+34822 582 611,2,12
188,Moisés,Valentín,xavier21@example.net,+34 982635438,7,15
189,Luisa,Quevedo,mansojuana@example.com,+34 975 370 588,6,28
190,Carlos,Criado,rgalvez@example.com,+34949 042 397,6,26
191,Gaspar,Fiol,adelaidalerma@example.net,+34 926351013,6,4
192,Sergio,Barberá,eli97@example.org,+34973 841 225,5,18
193,Flavia,Asenjo,americaparra@example.net,+34 642243126,2,3
194,Demetrio,Sánchez,rgomis@example.net,+34 943 117 516,2,6
195,Rafaela,Puente,candidavilanova@example.org,+34 973656607,3,11
196,Luisina,Barco,vgarzon@example.com,+34 900 79 48 45,3,11
197,Sonia,Conde,zfranco@example.org,+34927 978 125,7,15
198,Agustín,Roldan,maria-teresa06@example.net,+34 925 704 053,2,12
199,Bernardita,Ayala,atilio72@example.net,+34 849521122,5,7
200,Florinda,Macias,minguezmanu@example.com,+34 867 35 82 74,1,20
201,Gertrudis,Alfonso,elviraguitart@example.com,+34 883 33 60 30,3,11
202,Jose Francisco,Falcón,cuervogala@example.org,+34 977199789,3,11
203,Benito,Balaguer,fabio15@example.org,+34926489667,7,10
204,Jerónimo,Llabrés,nydiaherrero@example.net,+34884 85 40 60,1,17
205,Pascual,Puerta,priscilasanchez@example.com,+34986 31 33 05,1,5
206,Mayte,Guardiola,anguloatilio@example.com,+34634186838,4,27
207,Adelia,Barbero,sara53@example.net,+34 964 331 421,4,27
208,Nilo,Girón,clarisafeliu@example.net,+34920 330 303,5,16
209,Julie,Romero,nicodemo62@example.org,+34 901 053 929,6,4
210,Narciso,Riera,baltasar51@example.net,+34841707351,7,15
211,Anunciación,Guardiola,maximatejedor@example.org,+34843 72 85 48,2,6
212,Ester,Prada,luciano82@example.net,+34973 892 905,6,26
213,Venceslás,Barrios,callejadimas@example.net,+34925 16 42 06,2,6
214,Belén,Azorin,amorrosello@example.org,+34936 106 523,1,20
215,Julio César,Mateos,nhurtado@example.org,+34925551509,7,30
216,Nazaret,Peña,nydia49@example.com,+34875 77 68 54,4,21
217,Hector,Naranjo,aaron28@example.org,+34 924 714 146,7,30
218,Ileana,Figueras,urbanocarrion@example.net,+34 879141558,7,30
219,Aurelio,Almazán,dvillalobos@example.com,+34825 13 00 42,6,4
220,Ángeles,Garcés,ferranbegona@example.net,+34 971 40 38 29,3,14
221,Nicodemo,Toledo,eugenio29@example.com,+34 806 10 11 27,3,23
222,Dionisia,Martínez,ferrerisaac@example.org,+34 880179906,6,2
223,Salomé,Valera,alex73@example.net,+34972 712 243,6,24
224,Alma,Figuerola,glaucopelaez@example.net,+34878 98 35 37,3,23
225,Dominga,Zapata,jose-antoniorius@example.net,+34 841 00 54 52,5,7
226,Consuelo,Ayuso,enriquezsamanta@example.org,+34881 49 07 12,7,30
227,Lino,Machado,buenoluis@example.net,+34977 348 254,7,30
228,Ximena,Garay,dan19@example.org,+34 806 94 53 44,4,21
229,Esperanza,Villalobos,orozcoandrea@example.net,+34971179852,1,19
230,Amparo,Ochoa,isidoraribas@example.org,+34928 769 085,3,23
231,Perlita,Noguera,contrerasmarcos@example.com,+34 744 817 098,6,1
232,Benita,Amor,franciscacasals@example.net,+34 844 250 896,2,6
233,Fabricio,Soto,zairabustamante@example.org,+34 902 46 77 19,7,30
234,Ana,Olmedo,chavesduilio@example.com,+34 872 32 03 27,5,7
235,Daniel,Garcés,tadeoclemente@example.net,+34 821 16 45 79,4,21
236,Sofía,Guerra,consuelaazorin@example.org,+34985 019 418,4,9
237,Isidora,Bernad,jeremias58@example.org,+34722 43 16 79,4,21
238,Victoriano,Manzano,andrescastells@example.com,+34924127467,4,9
239,Primitivo,Borrell,abellacipriano@example.net,+34 942139661,4,27
240,Jenny,Ariza,cristinatolosa@example.net,+34882 225 926,4,9
241,Paulina,Goñi,joelcarrillo@example.com,+34 883 130 226,2,3
242,Jose Miguel,Galan,balaguermohamed@example.org,+34971390617,1,20
243,Flor,Bustos,ciprianogiron@example.org,+34 910 381 398,1,5
244,Poncio,Andres,qcobos@example.net,+34730744987,4,27
245,Benita,Perera,ugaliano@example.org,+34 847 604 151,7,15
246,Plácido,Calvo,ruth03@example.org,+34 879967033,5,18
247,Eloísa,Perea,bautistabravo@example.com,+34887 08 57 56,7,10
248,Eric,Casares,calarcon@example.net,+34 878 80 04 33,4,21
249,Marcos,Llano,apiquer@example.com,+34 884 07 89 07,6,1
250,Curro,Ruiz,reinaldo80@example.net,+34720 08 28 12,5,18
251,Paz,Quesada,nidia37@example.net,+34982 79 47 38,4,21
252,Nilda,Vázquez,lalo58@example.com,+34 828 09 20 09,3,23
253,Valeria,Monreal,gisbertluis@example.org,+34 983 83 56 81,3,23
254,Rómulo,Esparza,fcarbo@example.org,+34927822357,2,6
255,Clarisa,Bravo,ciriacocabrera@example.org,+34 737 02 08 31,2,8
256,Vasco,Carlos,alfredobenavent@example.com,+34952 632 740,7,10
257,Hortensia,Alcalde,masteresa@example.org,+34 888152690,4,21
258,Rafael,Mayoral,raquelfeijoo@example.com,+34 845 18 12 24,4,9
259,Fortunata,Pablo,amor93@example.net,+34821 96 45 66,3,14
260,Cayetana,Palomino,brigidasans@example.org,+34 844 74 23 54,1,13
261,Germán,Macías,albertoberrocal@example.com,+34923903547,4,21
262,Rosa María,Diez,ruben97@example.net,+34 921 939 428,5,18
263,América,Hernando,goyotormo@example.net,+34926 333 337,3,14
264,Silvia,Contreras,dalilasanz@example.org,+34 880 821 244,2,12
265,Florina,Fiol,zsoria@example.com,+34847 179 569,5,18
266,Claudio,Bilbao,sonia10@example.com,+34 871 598 566,4,9
267,Sancho,Vilalta,froman@example.net,+34882 094 505,2,12
268,Lorenzo,Porta,zrecio@example.com,+34 978 35 05 70,7,29
269,Áurea,Ángel,sprado@example.org,+34 807 312 536,5,16
270,Nazaret,Porta,ahuerta@example.net,+34849506810,3,11
271,Ema,Paz,aragonale@example.org,+34803 80 56 82,4,27
272,Gervasio,Peiró,montserrataraujo@example.com,+34924745801,2,8
273,Ainoa,Arteaga,tenoriocurro@example.org,+34707 728 797,3,11
274,Onofre,Coca,munozjoan@example.net,+34 807996154,1,17
275,Yaiza,Criado,kchico@example.org,+34 980 542 436,5,18
276,Alonso,Gascón,ismael68@example.com,+34 948 152 547,3,14
277,Octavio,Baquero,nbarriga@example.net,+34842 829 976,1,20
278,Graciela,Vega,guillenbibiana@example.net,+34975855464,2,6
279,Haroldo,Clavero,narciso24@example.net,+34882 69 04 56,4,9
280,Carla,Medina,ipulido@example.com,+34878966097,3,14
281,Florentina,Arteaga,martin97@example.org,+34 924 65 50 92,3,11
282,Leonardo,Fabra,zacariasbelda@example.com,+34975 084 961,5,18
283,Gertrudis,Manzano,nvalle@example.net,+34 977 646 120,4,27
284,Nélida,Perez,corralgracia@example.com,+34927 443 321,3,23
285,Leoncio,Moles,lramirez@example.org,+34875 371 141,2,8
286,Iván,Cifuentes,juanjuan-luis@example.org,+34988 442 144,4,9
287,Aníbal,Llabrés,lauratoro@example.net,+34947 24 98 04,2,6
288,Sandalio,Casals,jduran@example.com,+34949082884,2,8
289,Julio,Garzón,victorino85@example.com,+34 900 27 82 97,2,3
290,Amílcar,Duran,joseppuerta@example.net,+34 878 582 462,7,10
291,Amparo,Herrero,isaac24@example.org,+34920919430,5,16
292,Rosa,Arana,vitopascual@example.net,+34 921 866 135,6,28
293,Carmela,Villa,loreto08@example.org,+34 806 342 050,2,12
294,Vito,Benítez,selenavendrell@example.net,+34 887016310,2,12
295,Carlos,Baró,jordan12@example.com,+34847 10 46 74,2,8
296,Ainara,Baños,gordilloalfonso@example.com,+34983 25 16 17,2,8
297,Ramona,Vázquez,maria-manuelaarmengol@example.com,+34924 792 659,6,4
298,Yolanda,Requena,nicodemo16@example.net,+34884728987,4,21
299,Ulises,Fonseca,arcelia73@example.net,+34900 556 329,2,12
300,Nico,Escamilla,candelaria34@example.com,+34979 939 791,1,19
301,Flora,Cal,bernarditamurillo@example.net,+34821 34 22 77,2,8
302,Glauco,Uría,epifanioacero@example.net,+34 879726310,1,19
303,Juan José,Pareja,heribertogarrido@example.org,+34844 465 738,5,16
304,Timoteo,Mosquera,qbarragan@example.org,+34 844859597,3,11
305,Manu,Godoy,marcianoportero@example.com,+34 944483572,3,23
306,Marciano,Benítez,iniestapatricio@example.net,+34715 955 550,1,20
307,Bibiana,Pol,gasparduque@example.com,+34880 427 043,4,27
308,Bárbara,Haro,armengolmarco@example.org,+34 880236768,2,6
309,Glauco,Albero,carlosescobar@example.net,+34 878 93 56 38,7,29
310,Apolinar,Colom,guerrerorocio@example.com,+34 948 062 438,4,9
311,Nacio,Hervás,casemiromariscal@example.com,+34876 622 535,7,30
312,Primitiva,Lluch,acollado@example.com,+34885 062 603,6,24
313,Lupita,Miró,lucioterron@example.net,+34 820842878,5,18
314,Calixta,Suarez,hcalderon@example.com,+34924 501 948,4,21
315,Josep,Agustín,bgalvez@example.com,+34915 282 480,5,7
316,Belen,Villalobos,ocarmona@example.com,+34705 336 410,1,17
317,Augusto,Calderón,kaguilo@example.com,+34974759049,6,2
318,Gregorio,Duarte,munozleonardo@example.com,+34943297047,4,27
319,Tadeo,Roura,jovemaria-belen@example.com,+34 947 78 58 85,1,19
320,Marcia,Martí,hurtadogaspar@example.net,+34982 06 47 16,2,12
321,Augusto,Amaya,banosjose@example.net,+34843 36 85 85,7,15
322,Cornelio,Barrio,hcastello@example.org,+34 946 675 625,3,23
323,Natalia,Tormo,ariastristan@example.org,+34 945 96 35 19,5,7
324,Anunciación,Gonzalez,moliveras@example.org,+34902339480,7,29
325,Victorino,Tovar,pedronazaret@example.org,+34 849636915,3,23
326,Herberto,Cantero,efigueras@example.org,+34 982108016,6,2
327,Aurelia,Mas,georgina24@example.com,+34 988 08 13 33,1,19
328,Isaías,Gómez,gelabertdulce@example.net,+34 823 784 921,6,26
329,Esther,Cal,encarnamateo@example.net,+34923250531,1,19
330,Virgilio,Leiva,consuelacarbonell@example.com,+34887 64 27 06,4,21
331,Aránzazu,Ariño,fabioyuste@example.net,+34961 665 510,5,16
332,Estrella,Bustamante,fcervera@example.net,+34 806133994,5,16
333,Dalila,Montserrat,cabanillaspacifica@example.org,+34923 205 518,1,17
334,Gabriel,Ruiz,fuentemiguel@example.com,+34977 11 52 06,3,14
335,Domingo,Pla,ymurillo@example.net,+34944712271,4,9
336,Bartolomé,Agudo,fperez@example.com,+34 846088858,1,13
337,Alicia,Nicolau,lilianajauregui@example.net,+34886 366 700,7,29
338,Beatriz,Paz,qagullo@example.org,+34922 950 099,7,15
339,Calixto,Amores,cbadia@example.com,+34 885 443 743,3,14
340,Armida,Pazos,selenamoraleda@example.net,+34 711331821,6,22
341,Anunciación,Sierra,guiomar46@example.net,+34 902 48 68 00,6,28
342,Constanza,Bueno,bvilar@example.org,+34 822 722 023,4,21
343,Mariano,Alba,ambrosiovaquero@example.org,+34 875 37 75 59,1,17
344,Mamen,Prada,clarisa87@example.com,+34 982 72 10 16,4,27
345,Florentino,Cañete,jfabra@example.net,+34918 80 41 94,4,9
346,Carmelita,Carrión,taranda@example.com,+34875801234,3,14
347,Remedios,Palma,vcardenas@example.net,+34720510570,3,14
348,Loreto,Prat,adelacastello@example.com,+34871 168 223,3,11
349,Pepito,Luz,wilfredo43@example.net,+34 878887848,6,28
350,Pío,Mendoza,nllado@example.org,+34 976279753,4,9
351,Pánfilo,Ballester,rsedano@example.net,+34 977 364 537,2,12
352,Dan,Marí,fabricioriera@example.com,+34927 918 954,6,28
353,Juan Antonio,Mayol,valleusebia@example.com,+34 942 22 25 88,3,11
354,Florentino,Gonzalez,vandreu@example.org,+34739 53 92 87,6,28
355,Pacífica,Olmo,mercaderrebeca@example.org,+34874 64 98 62,1,19
356,Amílcar,Bartolomé,manu78@example.org,+34826 365 360,7,29
357,Jovita,Samper,ariel17@example.com,+34 885 07 92 32,4,27
358,Rosendo,Lobo,renata56@example.net,+34 820 68 97 32,5,25
359,Nicolás,Duarte,irenepacheco@example.org,+34 886631886,3,11
360,Chelo,Izquierdo,saurapaz@example.net,+34822 55 94 87,4,9
361,Kike,Galindo,etelvinadiaz@example.org,+34873 43 91 60,6,28
362,Azeneth,Plana,guitartelba@example.net,+34806526078,2,8
363,Macaria,Álvaro,alcarazjose-antonio@example.com,+34 925 533 095,3,14
364,Rosa,Tejedor,yusteasuncion@example.com,+34879931875,5,16
365,Loreto,Boix,blazquezmaribel@example.org,+34 971471734,1,19
366,Paca,Isern,gerardo81@example.net,+34947 30 66 00,1,5
367,Adolfo,Miguel,sanmartinmacaria@example.net,+34 874 81 71 87,2,8
368,Bernardo,Busquets,hervianieves@example.org,+34821 33 37 19,2,3
369,Renata,Zapata,guillermovalls@example.org,+34844 72 99 63,2,12
370,Luisina,Valbuena,saleman@example.net,+34 828 944 329,6,4
371,Cruz,Juárez,rafael40@example.net,+34973689101,3,14
372,Jennifer,Palomar,amandaalonso@example.net,+34881033394,5,16
373,Trinidad,Verdugo,romanpaco@example.com,+34857 252 791,5,16
374,Nicanor,Nevado,perla34@example.org,+34982 456 867,4,27
375,Rico,Sotelo,saezsergio@example.com,+34982 746 315,1,17
376,Paz,Cabezas,amancio58@example.org,+34 872179620,7,10
377,Amalia,Barón,joaquingual@example.com,+34 813 24 20 46,5,7
378,Blas,Moya,guerramaria-pilar@example.com,+34 901 65 56 81,5,7
379,Chus,Durán,mariatrillo@example.net,+34 981089538,2,3
380,Aurelia,Bueno,quevedoheriberto@example.com,+34 971 28 00 92,2,12
381,Vasco,Cuervo,irobles@example.com,+34665 622 875,7,10
382,Isidro,Morales,aguillen@example.org,+34 828570282,6,22
383,Reyes,Pelayo,lluchcarla@example.com,+34920 234 215,5,7
384,Salud,Iriarte,sanchezeliseo@example.org,+34941676083,2,8
385,René,Río,begona86@example.net,+34824 69 68 14,1,17
386,Lorenzo,Laguna,ines88@example.org,+34627716334,7,15
387,Cecilia,Durán,maricelalumbreras@example.org,+34 939 12 15 83,6,1
388,Simón,Manso,cristian96@example.net,+34 739619132,6,4
389,Hilda,Hoyos,linaresamando@example.org,+34806981097,7,10
390,Griselda,Lago,yvelez@example.net,+34927 483 273,1,5
391,Ruperto,Rius,gonimaricela@example.com,+34842 501 222,7,29
392,Cecilia,Benavente,pedrobarrios@example.net,+34842884627,7,15
393,Sandra,Yuste,capdevilaolivia@example.net,+34 848 525 280,3,23
394,Fidela,Plana,larellano@example.net,+34873 726 870,4,9
395,José,Aguiló,guerrerobernabe@example.net,+34 976 92 79 97,6,26
396,Ani,Rocamora,maximinocruz@example.net,+34 971 64 59 77,5,16
397,Raúl,Acero,cesar38@example.net,+34821 989 533,3,11
398,Amaya,Tormo,belen45@example.net,+34 885937508,6,2
399,Amado,Viana,ymarco@example.net,+34 976494283,1,17
400,Amarilis,Salvà,bernabe33@example.org,+34 923 265 896,2,3
401,Natalia,Rodrigo,rbautista@example.org,+34824 71 23 65,6,1
402,Anselmo,Oliver,angelcarranza@example.net,+34948041951,7,15
403,Paola,Escrivá,thernandez@example.net,+34 839 259 055,4,21
404,Paola,Ríos,roman46@example.net,+34842 66 52 28,2,6
405,Lisandro,Daza,aanguita@example.com,+34 728 451 667,3,14
406,Samuel,Oliva,ignaciacanas@example.net,+34 944 239 123,1,13
407,Martin,Giménez,maestrejulie@example.org,+34874 58 40 13,7,10
408,Leire,Esteban,jose-luispalacio@example.com,+34 900 627 097,1,17
409,Bernardino,Cabeza,geraldo37@example.net,+34 983 64 71 13,7,30
410,Adelina,Rodrigo,ifalcon@example.com,+34987033822,2,8
411,Jacobo,Verdú,haznar@example.com,+34988307171,3,23
412,Nicodemo,Cabrero,zaida60@example.net,+34902 70 04 22,6,24
413,Cipriano,Jiménez,omorante@example.org,+34846 43 46 63,7,10
414,Zaida,Tomas,candreu@example.com,+34 928 36 41 91,4,9
415,Luz,Arnau,companynerea@example.org,+34 812 99 68 26,2,12
416,Adriana,Acero,ripollesperanza@example.net,+34948441502,6,22
417,Emiliano,Macías,georgina03@example.org,+34948 898 776,1,17
418,Silvestre,Somoza,yariza@example.com,+34887017608,5,16
419,Adelina,Cámara,elujan@example.org,+34 985 25 14 30,4,21
420,Guiomar,Valenzuela,leandranogues@example.org,+34941213138,6,26
421,Marina,Garcés,salome48@example.org,+34 986 657 507,4,27
422,Luisa,Badía,fcodina@example.com,+34926394958,7,30
423,Eustaquio,Bermejo,adora64@example.org,+34 887161519,4,9
424,Cipriano,Duran,dorita43@example.net,+34 828 23 80 91,6,24
425,Iván,Porcel,baldomero31@example.com,+34886 33 32 10,7,15
426,Jovita,Molins,diazlina@example.net,+34701 525 719,5,7
427,Carlos,Barceló,valerovioleta@example.org,+34 841 91 24 47,6,2
428,Amado,Herranz,edu99@example.org,+34826 100 169,1,19
429,Nicodemo,Llanos,manzanoherberto@example.com,+34878 318 353,3,14
430,Sofía,Ferreras,luisinaguillen@example.com,+34988 07 60 81,1,20
431,Eliseo,Castell,msegarra@example.net,+34 822 01 40 93,3,11
432,Belén,Vargas,marinoangelina@example.org,+34912 157 199,7,15
433,Valentín,Roldán,hfalcon@example.net,+34902 68 29 79,3,14
434,Olegario,Rodriguez,elpidiocamino@example.net,+34807 55 63 87,5,16
435,Araceli,Carro,ipenalver@example.net,+34901 29 72 45,6,1
436,Griselda,Mulet,david33@example.org,+34921 20 58 41,5,7
437,Candelas,Falcó,modestaclavero@example.net,+34 986 73 99 78,7,29
438,Samanta,Escrivá,gallomar@example.net,+34844 76 67 23,4,21
439,Noelia,Garay,criadocoral@example.net,+34921 950 754,6,22
440,Santos,Galvez,juan-luisaliaga@example.org,+34953 50 99 64,4,21
441,Carmelo,Bermúdez,julie74@example.org,+34 985 239 893,5,7
442,Griselda,Arnal,ygracia@example.net,+34845 269 507,5,7
443,Plinio,Vilalta,davilaeligio@example.com,+34813 900 076,5,16
444,Ismael,Mata,eustaquioballesteros@example.com,+34975 382 088,5,16
445,Ibán,Galan,gasparcarbo@example.org,+34843 83 74 99,3,14
446,Asunción,Jódar,dmoya@example.org,+34941 18 72 82,4,9
447,Primitivo,Arcos,fatimasaenz@example.net,+34 951 71 71 31,3,23
448,Alejo,Miranda,urenamarc@example.com,+34841 393 104,1,17
449,Montserrat,Guillén,ovelazquez@example.net,+34887915210,7,15
450,Ovidio,Hervás,mnovoa@example.net,+34 928 96 49 11,2,3
451,Selena,Sanmartín,lozanoangeles@example.net,+34817 041 979,2,3
452,Juanito,Tejero,santiagoalondra@example.net,+34916 66 23 98,3,11
453,Heraclio,Torralba,ialvarado@example.org,+34 878101872,7,15
454,Áurea,Nebot,susanita76@example.com,+34885266700,6,26
455,Coral,Llorente,apintor@example.com,+34885 63 57 96,3,11
456,Norberto,Bernad,rsolana@example.com,+34 704164552,4,9
457,Timoteo,Ricart,amilcarcabeza@example.com,+34 871 04 80 58,3,23
458,Caridad,Lillo,ernesto53@example.org,+34982345060,1,5
459,Cruz,Bayona,duilio98@example.com,+34 849369041,1,20
460,Lucas,Pol,rocamorareina@example.org,+34949 77 93 57,4,9
461,Amando,Casal,isa89@example.org,+34 919 476 968,3,14
462,Armando,Buendía,cobosaitor@example.com,+34 945 877 575,7,15
463,Ema,Mínguez,basvirgilio@example.net,+34 824 595 482,2,3
464,Palmira,Ropero,isabela83@example.org,+34 948 094 075,7,30
465,África,Torrijos,escribanogregorio@example.net,+34 849 298 005,3,14
466,Rosalía,Olivé,curro88@example.org,+34 857193853,6,1
467,Gregorio,Borja,eustaquioherranz@example.org,+34979 440 750,7,10
468,Diego,Vigil,natividad98@example.net,+34979521062,1,17
469,Socorro,Tenorio,lmachado@example.com,+34838 761 493,3,14
470,Etelvina,Company,mguerra@example.com,+34 977 555 237,7,10
471,Lino,Gascón,abrahampedrosa@example.com,+34 971860161,2,8
472,Beatriz,Palacios,adoracion48@example.com,+34800 06 44 85,5,7
473,Nydia,Arranz,ricarda06@example.com,+34987 961 374,4,27
474,Román,Solsona,torresandres-felipe@example.org,+34 978060262,2,3
475,Lucila,Palomo,baudelio69@example.org,+34 710 85 29 48,4,27
476,Julie,Millán,walter00@example.org,+34 981042288,1,19
477,Melania,Pujol,galanwalter@example.net,+34 827252420,3,23
478,Paloma,Rius,isabel30@example.com,+34 943150226,7,29
479,José Ángel,Lumbreras,olalla06@example.com,+34 803 20 41 55,4,27
480,Octavia,Gallo,maximino71@example.com,+34 841 38 16 79,5,7
481,Iris,Riera,casandra98@example.org,+34 844 563 731,5,18
482,Emilia,Borja,dominguezespiridion@example.net,+34 720379311,1,17
483,Cipriano,Sarmiento,burena@example.org,+34 987 61 01 14,4,27
484,Nilo,Arco,mariaabascal@example.com,+34920 936 712,6,28
485,Marcos,Anaya,rmarti@example.net,+34888548293,5,25
486,Evita,Piñeiro,dora86@example.com,+34 954732958,4,21
487,Ovidio,Morillo,vperea@example.org,+34879815244,3,11
488,Hipólito,Bauzà,porrasheriberto@example.net,+34 880 531 256,7,15
489,Josué,Marti,reynaldo54@example.com,+34 843308093,5,25
490,Anna,Soler,ysaez@example.org,+34988610080,2,6
491,Margarita,Villalba,loretomontes@example.net,+34921884890,4,21
492,Felipa,Escribano,manuela21@example.com,+34 943 025 233,1,5
493,Silvestre,Taboada,florentina40@example.net,+34 941 91 42 77,5,16
494,Javiera,Arévalo,figueroahugo@example.net,+34976687745,7,29
495,Jafet,Barbero,gutierrezmarcio@example.org,+34826 74 93 73,5,25
496,Maricela,Jaén,felisagilabert@example.net,+34973 640 124,5,18
497,Aura,Piña,maria-carmensalas@example.net,+34848 04 87 44,1,5
498,Ambrosio,Sedano,brujacobo@example.org,+34885663656,5,7
499,Nereida,Cortina,ruanoadelaida@example.com,+34 884 780 579,6,24
500,Guiomar,Madrigal,maria-del-carmen84@example.net,+34845 59 58 67,6,26
